INSERT INTO `roles` (`id`, `nombre`) VALUES (1, 'ADMINISTRADOR');
INSERT INTO `roles` (`id`, `nombre`) VALUES (2, 'CLIENTE');
INSERT INTO `roles` (`id`, `nombre`) VALUES (3, 'CLIENTE');
INSERT INTO `roles` (`id`, `nombre`) VALUES (4, 'CLIENTE');
INSERT INTO `roles` (`id`, `nombre`) VALUES (5, 'CLIENTE');
INSERT INTO `usuarios` (`id`, `clave`, `correo`, `rol_id`) VALUES (1, 'admin12345', 'admin@mail.com', 1);
INSERT INTO `usuarios` (`id`, `clave`, `correo`, `rol_id`) VALUES (2, 'steve12345', 'steveq@mail.com', 2);
INSERT INTO `usuarios` (`id`, `clave`, `correo`, `rol_id`) VALUES (3, 'mery12345', 'mery@mail.com', 3);
INSERT INTO `usuarios` (`id`, `clave`, `correo`, `rol_id`) VALUES (4, 'jane12345', 'jane@mail.com', 4);
INSERT INTO `usuarios` (`id`, `clave`, `correo`, `rol_id`) VALUES (5, 'peter12345', 'peter@mail.com', 5);
INSERT INTO `clientes` (`id`, `apellido`, `cedula`, `direccion`, `fecha_nacimiento`, `nombre`, `telefono`, `usuario_id`) VALUES (1, 'Jobs', '0101234567', 'Av. America y La Cristobal Colon', '2000-10-20', 'Steve', '0993452345', 2);
INSERT INTO `clientes` (`id`, `apellido`, `cedula`, `direccion`, `fecha_nacimiento`, `nombre`, `telefono`, `usuario_id`) VALUES (2, 'Martinez', '0102345678', 'Las Palmeras y Circumbalacion', '2000-11-21', 'Mery', '0923448293', 3);
INSERT INTO `clientes` (`id`, `apellido`, `cedula`, `direccion`, `fecha_nacimiento`, `nombre`, `telefono`, `usuario_id`) VALUES (3, 'Lopez', '0103456789', 'Urbanizacion El Vecindario', '2000-03-12', 'Jane', '0892310023', 4);
INSERT INTO `clientes` (`id`, `apellido`, `cedula`, `direccion`, `fecha_nacimiento`, `nombre`, `telefono`, `usuario_id`) VALUES (4, 'Parker', '0104567890', 'Ingram Street en Forest Hills', '2000-12-23', 'Peter', '0992993210', 5);
INSERT INTO `categorias` (`id`, `descripcion`) VALUES (1, 'Camiseta Polo');
INSERT INTO `categorias` (`id`, `descripcion`) VALUES (2, 'Capucha cerrada');
INSERT INTO `categorias` (`id`, `descripcion`) VALUES (3, 'Pantalon jean para caballero');
INSERT INTO `categorias` (`id`, `descripcion`) VALUES (4, 'Pantalon jean para dama');
INSERT INTO `categorias` (`id`, `descripcion`) VALUES (5, 'Pantalon campana');
INSERT INTO `categorias` (`id`, `descripcion`) VALUES (6, 'Pantalon bordado');
INSERT INTO `categorias` (`id`, `descripcion`) VALUES (7, 'pantalon jean basta ancha');
INSERT INTO `productos` (`id`, `color`, `foto`, `nombre`, `precio`, `stock`, `talla`, `categoria_id`, `usuario_id`) VALUES (1, 'negro', NULL, 'camiseta', 14, 100, 'S', 1, 1);
INSERT INTO `productos` (`id`, `color`, `foto`, `nombre`, `precio`, `stock`, `talla`, `categoria_id`, `usuario_id`) VALUES (2, 'rojo', NULL, 'camiseta', 16, 100, 'M', 1, 1);
INSERT INTO `productos` (`id`, `color`, `foto`, `nombre`, `precio`, `stock`, `talla`, `categoria_id`, `usuario_id`) VALUES (3, 'verde', NULL, 'capucha', 35, 100, 'M', 2, 1);
INSERT INTO `productos` (`id`, `color`, `foto`, `nombre`, `precio`, `stock`, `talla`, `categoria_id`, `usuario_id`) VALUES (4, 'azul', NULL, 'pantalon', 28, 100, 'S', 3, 1);
INSERT INTO `productos` (`id`, `color`, `foto`, `nombre`, `precio`, `stock`, `talla`, `categoria_id`, `usuario_id`) VALUES (5, 'azul', NULL, 'pantalon', 30, 100, 'M', 3, 1);
INSERT INTO `productos` (`id`, `color`, `foto`, `nombre`, `precio`, `stock`, `talla`, `categoria_id`, `usuario_id`) VALUES (6, 'azul', NULL, 'pantalon', 34, 100, 'L', 4, 1);
INSERT INTO `productos` (`id`, `color`, `foto`, `nombre`, `precio`, `stock`, `talla`, `categoria_id`, `usuario_id`) VALUES (7, 'azul', NULL, 'pantalon', 32, 100, 'M', 4, 1);
INSERT INTO `productos` (`id`, `color`, `foto`, `nombre`, `precio`, `stock`, `talla`, `categoria_id`, `usuario_id`) VALUES (8, 'negro', NULL, 'pantalon', 36, 100, 'M', 6, 1);
INSERT INTO `productos` (`id`, `color`, `foto`, `nombre`, `precio`, `stock`, `talla`, `categoria_id`, `usuario_id`) VALUES (9, 'celeste', NULL, 'pantalon', 32, 100, 'S', 5, 1);
INSERT INTO `productos` (`id`, `color`, `foto`, `nombre`, `precio`, `stock`, `talla`, `categoria_id`, `usuario_id`) VALUES (10, 'azul', NULL, 'pantalon', 34, 100, 'M', 7, 1);
INSERT INTO `ordenes` (`id`, `fecha`, `numero`, `total`, `cliente_id`) VALUES (1, '2023-03-05', '0000000001', 104, 1);
INSERT INTO `ordenes` (`id`, `fecha`, `numero`, `total`, `cliente_id`) VALUES (2, '2023-03-06', '0000000002', 114, 2);
INSERT INTO `ordenes` (`id`, `fecha`, `numero`, `total`, `cliente_id`) VALUES (3, '2023-03-07', '0000000003', 98, 3);
INSERT INTO `ordenes` (`id`, `fecha`, `numero`, `total`, `cliente_id`) VALUES (4, '2023-03-08', '0000000004', 454, 4);
INSERT INTO `detalles` (`id`, `cantidad`, `orden_id`, `producto_id`) VALUES (1, 3, 1, 1);
INSERT INTO `detalles` (`id`, `cantidad`, `orden_id`, `producto_id`) VALUES (2, 2, 1, 2);
INSERT INTO `detalles` (`id`, `cantidad`, `orden_id`, `producto_id`) VALUES (3, 1, 1, 5);
INSERT INTO `detalles` (`id`, `cantidad`, `orden_id`, `producto_id`) VALUES (4, 4, 2, 8);
INSERT INTO `detalles` (`id`, `cantidad`, `orden_id`, `producto_id`) VALUES (5, 5, 2, 1);
INSERT INTO `detalles` (`id`, `cantidad`, `orden_id`, `producto_id`) VALUES (6, 2, 3, 9);
INSERT INTO `detalles` (`id`, `cantidad`, `orden_id`, `producto_id`) VALUES (7, 1, 3, 10);
INSERT INTO `detalles` (`id`, `cantidad`, `orden_id`, `producto_id`) VALUES (8, 5, 4, 5);
INSERT INTO `detalles` (`id`, `cantidad`, `orden_id`, `producto_id`) VALUES (9, 5, 4, 7);
INSERT INTO `detalles` (`id`, `cantidad`, `orden_id`, `producto_id`) VALUES (10, 4, 4, 8);